timestamp,rr,sr,cnt,mrt,tc
1614787440,100.0,100.0,22,53.27,ServiceTest1
1614787500,100.0,100.0,11,61.91,ServiceTest1
1614787560,100.0,100.0,42,84.14,ServiceTest1
1614787620,100.0,100.0,40,231.8,ServiceTest1
1614787680,100.0,100.0,34,82.76,ServiceTest1
1614787740,100.0,100.0,30,45.8,ServiceTest1
1614787800,100.0,100.0,42,62.21,ServiceTest1
1614787860,100.0,100.0,13,47.23,ServiceTest1
1614787920,100.0,100.0,15,75.4,ServiceTest1
1614787980,100.0,100.0,52,102.27,ServiceTest1
1614788040,100.0,100.0,16,28.12,ServiceTest1
1614788100,100.0,100.0,17,62.71,ServiceTest1
1614788160,100.0,100.0,12,32.75,ServiceTest1
1614788220,100.0,100.0,19,39.74,ServiceTest1
1614788280,100.0,100.0,16,115.25,ServiceTest1
1614788340,100.0,100.0,37,38.46,ServiceTest1
1614788400,100.0,100.0,17,83.71,ServiceTest1
1614788460,100.0,100.0,21,33.43,ServiceTest1
1614788520,100.0,100.0,16,111.38,ServiceTest1
1614788580,100.0,100.0,34,106.26,ServiceTest1
1614788640,100.0,100.0,8,254.0,ServiceTest1
1614788700,100.0,100.0,16,21.88,ServiceTest1
1614788760,100.0,100.0,19,75.0,ServiceTest1
1614788820,100.0,100.0,18,48.0,ServiceTest1
1614788880,100.0,100.0,31,38.03,ServiceTest1
1614788940,100.0,100.0,17,74.53,ServiceTest1
1614789000,100.0,100.0,12,21.67,ServiceTest1
1614789060,100.0,100.0,14,55.93,ServiceTest1
1614789120,100.0,100.0,23,43.0,ServiceTest1
1614789180,100.0,100.0,14,30.57,ServiceTest1
1614789240,100.0,100.0,21,32.71,ServiceTest1
1614789300,100.0,100.0,10,20.2,ServiceTest1
1614789360,100.0,100.0,21,81.0,ServiceTest1
1614789420,100.0,100.0,14,39.64,ServiceTest1
1614789480,100.0,100.0,16,57.06,ServiceTest1
1614789540,100.0,100.0,20,23.8,ServiceTest1
1614789600,100.0,100.0,25,92.52,ServiceTest1
1614789660,100.0,100.0,17,171.88,ServiceTest1
1614789720,100.0,100.0,8,197.5,ServiceTest1
1614789780,100.0,100.0,11,22.73,ServiceTest1
1614789840,100.0,100.0,13,22.0,ServiceTest1
1614789900,100.0,100.0,9,71.78,ServiceTest1
1614789960,100.0,100.0,3,19.67,ServiceTest1
1614790020,100.0,100.0,10,33.2,ServiceTest1
1614790080,100.0,100.0,22,22.0,ServiceTest1
1614790140,100.0,100.0,6,20.0,ServiceTest1
1614790260,100.0,100.0,9,170.56,ServiceTest1
1614790320,100.0,100.0,17,74.0,ServiceTest1
1614790380,100.0,100.0,8,32.38,ServiceTest1
1614790440,100.0,100.0,8,19.62,ServiceTest1
1614790500,100.0,100.0,5,21.2,ServiceTest1
1614790560,100.0,100.0,19,97.42,ServiceTest1
1614790620,100.0,100.0,4,19.75,ServiceTest1
1614790740,100.0,100.0,3,30.67,ServiceTest1
1614790800,100.0,100.0,9,59.89,ServiceTest1
1614790860,100.0,100.0,10,23.4,ServiceTest1
1614790920,100.0,100.0,9,23.33,ServiceTest1
1614790980,100.0,100.0,9,93.22,ServiceTest1
1614791040,100.0,100.0,6,34.33,ServiceTest1
1614791100,100.0,100.0,5,22.8,ServiceTest1
1614791160,100.0,100.0,4,19.75,ServiceTest1
1614791340,100.0,100.0,10,23.0,ServiceTest1
1614791400,100.0,100,4,22,ServiceTest1
1614791520,100.0,100.0,4,110.75,ServiceTest1
1614791580,100.0,100.0,10,26.4,ServiceTest1
1614791640,100.0,100.0,7,35.43,ServiceTest1
1614791700,100.0,100.0,6,206.33,ServiceTest1
1614791760,100.0,100,4,19,ServiceTest1
1614791820,100.0,100.0,3,285.33,ServiceTest1
1614791880,100.0,100.0,8,90.0,ServiceTest1
1614791940,100.0,100.0,4,19.5,ServiceTest1
1614792060,100.0,100.0,9,25.33,ServiceTest1
1614792120,100.0,100.0,9,57.67,ServiceTest1
1614792180,100.0,100.0,5,19.2,ServiceTest1
1614792240,100.0,100.0,4,24.0,ServiceTest1
1614792300,100.0,100,3,20,ServiceTest1
1614792360,100.0,100.0,7,22.14,ServiceTest1
1614792420,100.0,100.0,6,82.5,ServiceTest1
1614792480,100.0,100.0,10,56.1,ServiceTest1
1614792540,100.0,100.0,9,58.11,ServiceTest1
1614792600,100.0,100.0,4,23.0,ServiceTest1
1614792660,100.0,100.0,3,129.67,ServiceTest1
1614792720,100.0,100.0,5,20.8,ServiceTest1
1614792780,100.0,100.0,4,84.25,ServiceTest1
1614792840,100.0,100.0,3,20.67,ServiceTest1
1614792900,100.0,100,2,22,ServiceTest1
1614792960,100.0,100.0,9,29.33,ServiceTest1
1614793020,100.0,100.0,3,19.33,ServiceTest1
1614793080,100.0,100.0,11,57.55,ServiceTest1
1614793140,100.0,100.0,4,23.5,ServiceTest1
1614793260,100.0,100.0,3,118.67,ServiceTest1
1614793320,100.0,100.0,6,24.0,ServiceTest1
1614793380,100.0,100,5,106,ServiceTest1
1614793440,100.0,100.0,7,115.14,ServiceTest1
1614793500,100.0,100.0,5,22.6,ServiceTest1
1614793560,100.0,100.0,3,68.33,ServiceTest1
1614793680,100.0,100,3,22,ServiceTest1
1614793740,100.0,100.0,4,22.75,ServiceTest1
1614793980,100.0,100.0,3,21.0,ServiceTest1
1614794040,100.0,100,3,20,ServiceTest1
1614794460,100.0,100.0,3,24.0,ServiceTest1
1614794520,100.0,100.0,4,24.0,ServiceTest1
1614794580,100.0,100,3,21,ServiceTest1
1614794640,100.0,100.0,6,69.5,ServiceTest1
1614794700,100.0,100.0,3,24.0,ServiceTest1
1614794760,100.0,100,5,109,ServiceTest1
1614794820,100.0,100,4,22,ServiceTest1
1614795000,100.0,100.0,10,136.0,ServiceTest1
1614795060,100.0,100.0,10,51.4,ServiceTest1
1614795120,100.0,100.0,5,32.0,ServiceTest1
1614795180,100.0,100.0,4,110.25,ServiceTest1
1614795360,100.0,100.0,4,21.5,ServiceTest1
1614795420,100.0,100.0,6,68.33,ServiceTest1
1614795480,100.0,100.0,3,19.33,ServiceTest1
1614795540,100.0,100.0,3,21.67,ServiceTest1
1614795600,100.0,100.0,3,222.33,ServiceTest1
1614795660,100.0,100.0,3,73.67,ServiceTest1
1614795720,100.0,100.0,5,22.0,ServiceTest1
1614795780,100.0,100.0,3,270.67,ServiceTest1
1614795900,100.0,100.0,4,107.5,ServiceTest1
1614795960,100.0,100.0,4,132.5,ServiceTest1
1614796140,100.0,100.0,3,481.0,ServiceTest1
1614796200,100.0,100,2,178,ServiceTest1
1614796680,100.0,100.0,3,199.67,ServiceTest1
1614796740,100.0,100.0,3,26.33,ServiceTest1
1614796800,100.0,100,3,48,ServiceTest1
1614796860,100.0,100,4,23,ServiceTest1
1614796920,100.0,100.0,3,21.33,ServiceTest1
1614796980,100.0,100.0,4,21.25,ServiceTest1
1614797040,100.0,100.0,4,93.25,ServiceTest1
1614797100,100.0,100.0,3,80.0,ServiceTest1
1614797220,100.0,100,3,21,ServiceTest1
1614797280,100.0,100.0,4,21.0,ServiceTest1
1614797340,100.0,100.0,4,39.5,ServiceTest1
1614797400,100.0,100.0,3,21.33,ServiceTest1
1614797520,100.0,100.0,3,19.67,ServiceTest1
1614797580,100.0,100,2,22,ServiceTest1
1614797820,100.0,100.0,3,23.67,ServiceTest1
1614797880,100.0,100.0,2,22.0,ServiceTest1
1614798360,100.0,100.0,4,22.0,ServiceTest1
1614798420,100.0,100.0,6,25.0,ServiceTest1
1614798480,100.0,100.0,3,127.67,ServiceTest1
1614799560,100.0,100.0,3,21.0,ServiceTest1
1614799620,100.0,100.0,3,26.67,ServiceTest1
1614800340,100.0,100.0,4,22.0,ServiceTest1
1614800400,100.0,100.0,3,147.0,ServiceTest1
1614800760,100.0,100.0,3,143.0,ServiceTest1
1614800820,100.0,100.0,6,21.67,ServiceTest1
1614800880,100.0,100.0,3,90.0,ServiceTest1
1614801420,100.0,100.0,4,23.0,ServiceTest1
1614801480,100.0,100.0,3,25.33,ServiceTest1
1614801720,100.0,100.0,3,21.67,ServiceTest1
1614801780,100.0,100.0,3,45.0,ServiceTest1
1614802320,100.0,100.0,4,21.75,ServiceTest1
1614802380,100.0,100,4,20,ServiceTest1
1614802620,100.0,100.0,4,25.5,ServiceTest1
1614802680,100.0,100.0,3,135.0,ServiceTest1
1614803580,100.0,100.0,3,21.67,ServiceTest1
1614803640,100.0,100.0,3,21.33,ServiceTest1
1614803880,100.0,100.0,4,23.0,ServiceTest1
1614803940,100.0,100.0,3,21.33,ServiceTest1
1614804300,100.0,100.0,4,21.0,ServiceTest1
1614804360,100.0,100.0,4,21.75,ServiceTest1
1614804420,100.0,100.0,4,24.5,ServiceTest1
1614804480,100.0,100.0,3,22.0,ServiceTest1
1614804600,100.0,100.0,3,144.33,ServiceTest1
1614804660,100.0,100.0,3,25.67,ServiceTest1
1614804720,100.0,100.0,4,20.5,ServiceTest1
1614804780,100.0,100.0,2,289.5,ServiceTest1
1614804960,100.0,100.0,4,22.0,ServiceTest1
1614805020,100.0,100.0,3,36.67,ServiceTest1
1614805620,100.0,100.0,4,145.5,ServiceTest1
1614805680,100.0,100.0,3,273.33,ServiceTest1
1614806460,100.0,100.0,3,22.33,ServiceTest1
1614806520,100.0,100.0,4,26.5,ServiceTest1
1614807060,100.0,100.0,3,22.0,ServiceTest1
1614807120,100.0,100.0,4,113.0,ServiceTest1
1614807180,100.0,100.0,4,72.75,ServiceTest1
1614807240,100.0,100.0,3,20.33,ServiceTest1
1614807300,100.0,100.0,4,23.5,ServiceTest1
1614807360,100.0,100.0,3,22.67,ServiceTest1
1614807720,100.0,100,3,26,ServiceTest1
1614807780,100.0,100.0,5,49.0,ServiceTest1
1614807840,100.0,100.0,3,23.33,ServiceTest1
1614808020,100.0,100.0,3,73.67,ServiceTest1
1614808080,100.0,100,4,22,ServiceTest1
1614808320,100.0,100.0,3,21.67,ServiceTest1
1614808380,100.0,100.0,3,122.0,ServiceTest1
1614808740,100.0,100.0,3,110.0,ServiceTest1
1614808800,100.0,100.0,6,23.0,ServiceTest1
1614808860,100.0,100.0,3,22.67,ServiceTest1
1614808920,100.0,100.0,4,27.0,ServiceTest1
1614808980,100.0,100.0,2,173.5,ServiceTest1
1614809160,100.0,100.0,4,21.5,ServiceTest1
1614809220,100.0,100.0,4,535.0,ServiceTest1
1614809340,100.0,100,4,1067,ServiceTest1
1614809400,100.0,100,2,24,ServiceTest1
1614809460,100.0,100.0,3,21.67,ServiceTest1
1614809520,100.0,100.0,3,1051.33,ServiceTest1
1614809640,100.0,100.0,2,24.0,ServiceTest1
1614809700,100.0,100.0,3,35.0,ServiceTest1
1614809760,100.0,100.0,3,20.33,ServiceTest1
1614809820,100.0,100.0,7,59.57,ServiceTest1
1614809880,100.0,100.0,4,69.25,ServiceTest1
1614809940,100.0,100.0,3,19.33,ServiceTest1
1614810000,100.0,100.0,18,69.0,ServiceTest1
1614810060,100.0,100.0,4,77.0,ServiceTest1
1614810180,100.0,100.0,2,20.5,ServiceTest1
1614810240,100.0,100.0,10,20.8,ServiceTest1
1614810300,100.0,100.0,8,23.5,ServiceTest1
1614810360,100.0,100.0,10,45.5,ServiceTest1
1614810420,100.0,100.0,14,43.43,ServiceTest1
1614810480,100.0,100.0,13,25.92,ServiceTest1
1614810540,100.0,100.0,8,70.75,ServiceTest1
1614810600,100.0,100.0,7,20.71,ServiceTest1
1614810660,100.0,100.0,7,64.86,ServiceTest1
1614810720,100.0,100.0,3,21.0,ServiceTest1
1614810780,100.0,100,3,19,ServiceTest1
1614810840,100.0,100.0,3,148.33,ServiceTest1
1614811020,100.0,100.0,9,44.33,ServiceTest1
1614811080,100.0,100.0,4,20.0,ServiceTest1
1614811140,100.0,100.0,9,61.56,ServiceTest1
1614811200,100.0,100.0,12,110.17,ServiceTest1
1614811260,100.0,100.0,4,138.5,ServiceTest1
1614811320,100.0,100.0,5,20.8,ServiceTest1
1614811380,100.0,100.0,20,48.1,ServiceTest1
1614811440,100.0,100.0,15,45.6,ServiceTest1
1614811500,100.0,100.0,5,78.8,ServiceTest1
1614811560,100.0,100.0,10,22.8,ServiceTest1
1614811620,100.0,100.0,11,23.55,ServiceTest1
1614811680,100.0,100,4,42,ServiceTest1
1614811740,100.0,100.0,3,19.0,ServiceTest1
1614811800,100.0,100.0,6,23.5,ServiceTest1
1614811860,100.0,100.0,6,22.0,ServiceTest1
1614811920,100.0,100.0,4,268.0,ServiceTest1
1614811980,100.0,100.0,9,68.22,ServiceTest1
1614812040,100.0,100.0,10,24.0,ServiceTest1
1614812100,100.0,100.0,9,61.67,ServiceTest1
1614812160,100.0,100.0,6,77.33,ServiceTest1
1614812220,100.0,100.0,6,56.67,ServiceTest1
1614812280,100.0,100.0,5,42.0,ServiceTest1
1614812340,100.0,100.0,7,84.57,ServiceTest1
1614812400,100.0,100.0,10,57.7,ServiceTest1
1614812460,100.0,100.0,8,22.12,ServiceTest1
1614812520,100.0,100.0,6,113.0,ServiceTest1
1614812580,100.0,100.0,5,77.6,ServiceTest1
1614812640,100.0,100.0,5,22.6,ServiceTest1
1614812700,100.0,100.0,6,22.67,ServiceTest1
1614812760,100.0,100.0,6,30.0,ServiceTest1
1614812820,100.0,100.0,10,83.2,ServiceTest1
1614812880,100.0,100.0,15,21.6,ServiceTest1
1614812940,100.0,100.0,17,92.06,ServiceTest1
1614813000,100.0,100.0,11,22.36,ServiceTest1
1614813060,100.0,100.0,4,21.0,ServiceTest1
1614813120,100.0,100.0,9,19.33,ServiceTest1
1614813180,100.0,100.0,4,40.5,ServiceTest1
1614813240,100.0,100.0,4,24.25,ServiceTest1
1614813300,100.0,100.0,12,161.42,ServiceTest1
1614813360,100.0,100,3,22,ServiceTest1
1614813480,100.0,100.0,3,79.0,ServiceTest1
1614813540,100.0,100.0,7,175.43,ServiceTest1
1614813600,100.0,100.0,9,21.0,ServiceTest1
1614813660,100.0,100.0,9,161.89,ServiceTest1
1614813720,100.0,100.0,6,20.5,ServiceTest1
1614813780,100.0,100.0,6,21.67,ServiceTest1
1614813840,100.0,100.0,9,21.89,ServiceTest1
1614813900,100.0,100.0,10,56.5,ServiceTest1
1614813960,100.0,100.0,9,60.67,ServiceTest1
1614814020,100.0,100,3,131,ServiceTest1
1614814080,100.0,100,3,32,ServiceTest1
1614814140,100.0,100.0,9,26.0,ServiceTest1
1614814200,100.0,100.0,12,72.0,ServiceTest1
1614814260,100.0,100.0,9,87.33,ServiceTest1
1614814320,100.0,100.0,16,49.38,ServiceTest1
1614814380,100.0,100.0,16,38.0,ServiceTest1
1614814440,100.0,100.0,11,47.18,ServiceTest1
1614814500,100.0,100.0,11,62.64,ServiceTest1
1614814560,100.0,100.0,10,21.5,ServiceTest1
1614814620,100.0,100.0,8,74.5,ServiceTest1
1614814680,100.0,100.0,6,72.5,ServiceTest1
1614814740,100.0,100.0,3,122.0,ServiceTest1
1614814800,100.0,100,3,19,ServiceTest1
1614814860,100.0,100.0,6,164.5,ServiceTest1
1614814920,100.0,100.0,10,58.8,ServiceTest1
1614814980,100.0,100.0,13,56.69,ServiceTest1
1614815040,100.0,100.0,10,21.0,ServiceTest1
1614815100,100.0,100.0,6,42.0,ServiceTest1
1614815160,100.0,100.0,7,21.29,ServiceTest1
1614815220,100.0,100,3,24,ServiceTest1
1614815280,100.0,100.0,11,50.09,ServiceTest1
1614815340,100.0,100.0,19,54.47,ServiceTest1
1614815400,100.0,100.0,10,25.6,ServiceTest1
1614815460,100.0,100,6,21,ServiceTest1
1614815520,100.0,100.0,10,35.8,ServiceTest1
1614815580,100.0,100.0,16,225.0,ServiceTest1
1614815640,84.21,100.0,19,5358.94,ServiceTest1
1614815700,100.0,100.0,2,20.5,ServiceTest1
1614815760,75.0,100.0,4,11859.0,ServiceTest1
1614815820,100.0,100.0,10,110.6,ServiceTest1
1614815880,100.0,100.0,9,22.11,ServiceTest1
1614815940,100.0,100.0,11,20.73,ServiceTest1
1614816000,100.0,100.0,20,54.1,ServiceTest1
1614816060,100.0,100.0,24,67.25,ServiceTest1
1614816120,100.0,100.0,10,156.6,ServiceTest1
1614816180,100.0,100.0,16,116.25,ServiceTest1
1614816240,100.0,100.0,35,107.77,ServiceTest1
1614816300,100.0,100.0,29,48.79,ServiceTest1
1614816360,100.0,100.0,14,37.14,ServiceTest1
1614816420,100.0,100.0,23,89.09,ServiceTest1
1614816480,100.0,100.0,21,33.38,ServiceTest1
1614816540,100.0,100.0,8,340.62,ServiceTest1
1614816600,100.0,100.0,5,207.6,ServiceTest1
1614816660,100.0,100.0,6,170.67,ServiceTest1
1614816720,100.0,100.0,15,147.73,ServiceTest1
1614816780,100.0,100.0,19,74.53,ServiceTest1
1614816840,100.0,100.0,15,52.33,ServiceTest1
1614816900,100.0,100.0,14,58.14,ServiceTest1
1614816960,100.0,100.0,5,111.8,ServiceTest1
1614817020,100.0,100.0,4,423.75,ServiceTest1
1614817080,100.0,100.0,21,59.86,ServiceTest1
1614817140,100.0,100.0,43,85.4,ServiceTest1
1614817200,100.0,100.0,28,89.0,ServiceTest1
1614817260,100.0,100.0,34,97.06,ServiceTest1
1614817320,100.0,100.0,30,53.2,ServiceTest1
1614817380,100.0,100.0,11,134.91,ServiceTest1
1614817440,100.0,100.0,10,140.8,ServiceTest1
1614817500,100.0,100.0,28,120.32,ServiceTest1
1614817560,100.0,100.0,21,73.24,ServiceTest1
1614817620,100.0,100.0,31,53.61,ServiceTest1
1614817680,100.0,100.0,28,22.32,ServiceTest1
1614817740,100.0,100.0,23,127.09,ServiceTest1
1614817800,100.0,100.0,29,52.34,ServiceTest1
1614817860,100.0,100.0,29,99.9,ServiceTest1
1614817920,100.0,100.0,21,94.19,ServiceTest1
1614817980,100.0,100.0,17,147.59,ServiceTest1
1614818040,100.0,100.0,31,32.13,ServiceTest1
1614818100,100.0,100.0,20,171.0,ServiceTest1
1614818160,100.0,100.0,19,150.47,ServiceTest1
1614818220,100.0,100.0,39,89.54,ServiceTest1
1614818280,100.0,100.0,40,200.0,ServiceTest1
1614818340,100.0,100.0,43,119.14,ServiceTest1
1614818400,100.0,100.0,29,137.72,ServiceTest1
1614818460,100.0,100.0,45,109.78,ServiceTest1
1614818520,100.0,100.0,39,157.77,ServiceTest1
1614818580,100.0,100.0,9,112.89,ServiceTest1
1614818640,100.0,100.0,30,142.83,ServiceTest1
1614818700,100.0,100.0,81,121.44,ServiceTest1
1614818760,100.0,100.0,64,149.94,ServiceTest1
1614818820,100.0,100.0,47,106.81,ServiceTest1
1614818880,100.0,100.0,47,127.49,ServiceTest1
1614818940,100.0,100.0,30,179.83,ServiceTest1
1614819000,100.0,100.0,34,82.79,ServiceTest1
1614819060,100.0,100.0,36,202.22,ServiceTest1
1614819120,100.0,100.0,44,210.64,ServiceTest1
1614819180,100.0,100.0,76,77.92,ServiceTest1
1614819240,100.0,100.0,69,138.25,ServiceTest1
1614819300,100.0,100.0,48,124.15,ServiceTest1
1614819360,100.0,100.0,59,120.22,ServiceTest1
1614819420,100.0,100.0,42,67.55,ServiceTest1
1614819480,100.0,100.0,67,240.99,ServiceTest1
1614819540,100.0,100.0,43,114.05,ServiceTest1
1614819600,100.0,100.0,19,20.58,ServiceTest1
1614819660,100.0,100.0,31,100.87,ServiceTest1
1614819720,100.0,100.0,67,128.28,ServiceTest1
1614819780,100.0,100.0,29,248.34,ServiceTest1
1614819840,100.0,100.0,75,98.25,ServiceTest1
1614819900,100.0,100.0,75,225.92,ServiceTest1
1614819960,100.0,100.0,96,154.0,ServiceTest1
1614820020,100.0,100.0,90,117.73,ServiceTest1
1614820080,100.0,100.0,92,211.13,ServiceTest1
1614820140,100.0,100.0,119,214.28,ServiceTest1
1614820200,100.0,100.0,81,120.43,ServiceTest1
1614820260,100.0,100.0,63,189.33,ServiceTest1
1614820320,100.0,100.0,103,221.04,ServiceTest1
1614820380,100.0,100.0,48,200.0,ServiceTest1
1614820440,100.0,100.0,106,244.53,ServiceTest1
1614820500,100.0,100.0,103,200.9,ServiceTest1
1614820560,100.0,100.0,55,256.36,ServiceTest1
1614820620,100.0,100.0,87,215.92,ServiceTest1
1614820680,100.0,100.0,48,216.67,ServiceTest1
1614820740,100.0,100.0,45,127.62,ServiceTest1
1614820800,100.0,100.0,65,184.74,ServiceTest1
1614820860,100.0,100.0,169,166.53,ServiceTest1
1614820920,100.0,100.0,72,202.92,ServiceTest1
1614820980,100.0,100.0,76,221.36,ServiceTest1
1614821040,100.0,100.0,227,188.41,ServiceTest1
1614821100,100.0,100.0,136,202.66,ServiceTest1
1614821160,100.0,100.0,129,237.25,ServiceTest1
1614821220,100.0,100.0,137,224.44,ServiceTest1
1614821280,100.0,100.0,29,202.1,ServiceTest1
1614821340,100.0,100.0,9,280.33,ServiceTest1
1614821400,100.0,100.0,15,126.07,ServiceTest1
1614821460,100.0,100.0,26,116.85,ServiceTest1
1614821520,100.0,100.0,77,157.05,ServiceTest1
1614821580,100.0,100.0,112,196.12,ServiceTest1
1614821640,100.0,100.0,165,262.6,ServiceTest1
1614821700,100.0,100.0,144,249.79,ServiceTest1
1614821760,100.0,100.0,82,290.0,ServiceTest1
1614821820,100.0,100.0,55,237.25,ServiceTest1
1614821880,100.0,100.0,115,219.61,ServiceTest1
1614821940,100.0,100.0,45,200.0,ServiceTest1
1614822000,100.0,100.0,99,158.55,ServiceTest1
1614822060,100.0,100.0,72,327.75,ServiceTest1
1614822120,100.0,100.0,160,284.71,ServiceTest1
1614822180,100.0,100.0,167,262.02,ServiceTest1
1614822240,100.0,100.0,44,168.05,ServiceTest1
1614822300,100.0,100.0,14,258.43,ServiceTest1
1614822360,100.0,100.0,42,303.38,ServiceTest1
1614822420,100.0,100.0,108,285.05,ServiceTest1
1614822480,100.0,100.0,107,391.79,ServiceTest1
1614822540,100.0,100.0,245,255.67,ServiceTest1
1614822600,100.0,100.0,242,169.01,ServiceTest1
1614822660,100.0,100.0,157,214.08,ServiceTest1
1614822720,100.0,100.0,51,326.98,ServiceTest1
1614822780,100.0,100.0,38,331.79,ServiceTest1
1614822840,100.0,100.0,85,226.36,ServiceTest1
1614822900,100.0,100.0,109,173.74,ServiceTest1
1614822960,100.0,100.0,55,256.67,ServiceTest1
1614823020,100.0,100.0,102,137.35,ServiceTest1
1614823080,100.0,100.0,107,277.3,ServiceTest1
1614823140,100.0,100.0,73,243.95,ServiceTest1
1614823200,100.0,100.0,43,343.07,ServiceTest1
1614823260,100.0,100.0,145,209.07,ServiceTest1
1614823320,100.0,100.0,127,21.94,ServiceTest1
1614823380,100.0,100.0,145,25.21,ServiceTest1
1614823440,100.0,100.0,121,22.17,ServiceTest1
1614823500,100.0,100.0,184,37.17,ServiceTest1
1614823560,100.0,100.0,150,37.47,ServiceTest1
1614823620,100.0,100.0,129,23.7,ServiceTest1
1614823680,100.0,100.0,50,39.68,ServiceTest1
1614823740,100.0,100.0,77,34.43,ServiceTest1
1614823800,61.82,63.63636363636363,55,22220.82,ServiceTest1
1614823860,0.0,0.0,23,60000.0,ServiceTest1
1614823920,0.0,0.0,22,60000.0,ServiceTest1
1614823980,0.0,0.0,19,60000.0,ServiceTest1
1614824040,0.0,0.0,26,60000.0,ServiceTest1
1614824100,0.0,2.0869565217391304,46,59221.56,ServiceTest1
1614824160,0.0,0.0,16,60000.0,ServiceTest1
1614824220,0.0,0.0,23,60000.0,ServiceTest1
1614824280,0.0,0.0,12,60000.0,ServiceTest1
1614824340,0.0,0.0,19,60000.0,ServiceTest1
1614824400,0.0,0.0,12,60000.0,ServiceTest1
1614824460,5.56,10.833333333333334,18,47692.94,ServiceTest1
1614824520,20.83,24.749999999999996,24,46767.96,ServiceTest1
1614824580,26.09,25.95652173913044,23,35143.96,ServiceTest1
1614824640,50.0,53.307692307692314,52,27752.96,ServiceTest1
1614824700,54.35,64.93478260869566,46,21876.67,ServiceTest1
1614824760,81.82,78.54545454545455,66,5266.64,ServiceTest1
1614824820,83.16,98.48421052631579,95,6442.18,ServiceTest1
1614824880,100.0,100.0,72,159.11,ServiceTest1
1614824940,100.0,100.0,114,106.77,ServiceTest1
1614825000,100.0,100.0,458,185.69,ServiceTest1
1614825060,100.0,100.0,153,126.95,ServiceTest1
1614825120,100.0,100.0,210,136.23,ServiceTest1
1614825180,100.0,100.0,185,116.86,ServiceTest1
1614825240,100.0,100.0,128,120.5,ServiceTest1
1614825300,100.0,100.0,102,161.92,ServiceTest1
1614825360,100.0,100.0,141,134.92,ServiceTest1
1614825420,100.0,100.0,87,55.85,ServiceTest1
1614825480,100.0,100.0,177,104.68,ServiceTest1
1614825540,100.0,100.0,119,86.5,ServiceTest1
1614825600,100.0,100.0,124,120.57,ServiceTest1
1614825660,100.0,100.0,48,95.33,ServiceTest1
1614825720,100.0,100.0,102,158.71,ServiceTest1
1614825780,100.0,100.0,67,80.67,ServiceTest1
1614825840,100.0,100.0,214,119.39,ServiceTest1
1614825900,100.0,100.0,148,127.25,ServiceTest1
1614825960,100.0,100.0,69,132.71,ServiceTest1
1614826020,100.0,100.0,57,146.04,ServiceTest1
1614826080,100.0,100.0,56,166.12,ServiceTest1
1614826140,100.0,100.0,87,69.14,ServiceTest1
1614826200,100.0,100.0,29,101.86,ServiceTest1
1614826260,100.0,100.0,65,51.02,ServiceTest1
1614826320,100.0,100.0,95,78.32,ServiceTest1
1614826380,100.0,100.0,101,104.23,ServiceTest1
1614826440,100.0,100.0,152,75.39,ServiceTest1
1614826500,100.0,100.0,124,102.27,ServiceTest1
1614826560,100.0,100.0,58,200.59,ServiceTest1
1614826620,100.0,100.0,83,128.76,ServiceTest1
1614826680,100.0,100.0,110,112.84,ServiceTest1
1614826740,100.0,100.0,80,133.44,ServiceTest1
1614826800,100.0,100.0,107,77.04,ServiceTest1
1614826860,100.0,100.0,134,176.18,ServiceTest1
1614826920,100.0,100.0,115,91.95,ServiceTest1
1614826980,100.0,100.0,45,87.67,ServiceTest1
1614827040,100.0,100.0,126,82.71,ServiceTest1
1614827100,100.0,100.0,145,113.85,ServiceTest1
1614827160,100.0,100.0,231,132.44,ServiceTest1
1614827220,100.0,100.0,70,124.5,ServiceTest1
1614827280,100.0,100.0,172,154.83,ServiceTest1
1614827340,100.0,100.0,153,121.69,ServiceTest1
1614827400,100.0,100.0,131,127.25,ServiceTest1
1614827460,100.0,100.0,79,162.25,ServiceTest1
1614827520,100.0,100.0,251,97.24,ServiceTest1
1614827580,100.0,100.0,96,44.09,ServiceTest1
1614827640,100.0,100.0,40,105.5,ServiceTest1
1614827700,100.0,100.0,115,127.35,ServiceTest1
1614827760,100.0,100.0,74,155.65,ServiceTest1
1614827820,100.0,100.0,126,120.14,ServiceTest1
1614827880,100.0,100.0,122,118.2,ServiceTest1
1614827940,100.0,100.0,61,83.56,ServiceTest1
1614828000,100.0,100.0,52,44.5,ServiceTest1
1614828060,100.0,100.0,46,117.22,ServiceTest1
1614828120,100.0,100.0,39,53.0,ServiceTest1
1614828180,100.0,100.0,41,113.98,ServiceTest1
1614828240,100.0,100.0,29,116.21,ServiceTest1
1614828300,100.0,100.0,117,136.25,ServiceTest1
1614828360,100.0,100.0,86,154.09,ServiceTest1
1614828420,100.0,100.0,44,69.55,ServiceTest1
1614828480,100.0,100.0,88,119.99,ServiceTest1
1614828540,100.0,100.0,111,109.63,ServiceTest1
1614828600,100.0,100.0,44,167.75,ServiceTest1
1614828660,100.0,100.0,123,134.15,ServiceTest1
1614828720,100.0,100.0,170,103.92,ServiceTest1
1614828780,100.0,100.0,174,99.0,ServiceTest1
1614828840,100.0,100.0,66,68.0,ServiceTest1
1614828900,100.0,100.0,81,82.33,ServiceTest1
1614828960,100.0,100.0,131,139.15,ServiceTest1
1614829020,100.0,100.0,47,98.32,ServiceTest1
1614829080,100.0,100.0,39,96.33,ServiceTest1
1614829140,100.0,100.0,149,41.88,ServiceTest1
1614829200,100.0,100.0,138,76.46,ServiceTest1
1614829260,100.0,100.0,53,136.34,ServiceTest1
1614829320,100.0,100.0,50,80.04,ServiceTest1
1614829380,100.0,100.0,18,83.0,ServiceTest1
1614829440,100.0,100.0,48,66.21,ServiceTest1
1614829500,100.0,100.0,43,66.37,ServiceTest1
1614829560,100.0,100.0,97,122.67,ServiceTest1
1614829620,100.0,100.0,160,86.93,ServiceTest1
1614829680,100.0,100.0,46,83.91,ServiceTest1
1614829740,100.0,100.0,44,87.39,ServiceTest1
1614829800,100.0,100.0,144,82.08,ServiceTest1
1614829860,100.0,100.0,79,60.82,ServiceTest1
1614829920,100.0,100.0,29,195.52,ServiceTest1
1614829980,100.0,100.0,33,68.39,ServiceTest1
1614830040,100.0,100.0,77,84.84,ServiceTest1
1614830100,100.0,100.0,47,190.3,ServiceTest1
1614830160,100.0,100.0,58,140.17,ServiceTest1
1614830220,100.0,100.0,123,80.0,ServiceTest1
1614830280,100.0,100.0,91,88.99,ServiceTest1
1614830340,100.0,100.0,142,89.51,ServiceTest1
1614830400,100.0,100.0,95,276.61,ServiceTest1
1614830460,100.0,100.0,76,82.07,ServiceTest1
1614830520,100.0,100.0,81,82.26,ServiceTest1
1614830580,100.0,100.0,57,106.16,ServiceTest1
1614830640,100.0,100.0,44,110.77,ServiceTest1
1614830700,100.0,100.0,44,46.45,ServiceTest1
1614830760,100.0,100.0,168,104.43,ServiceTest1
1614830820,100.0,100.0,44,66.77,ServiceTest1
1614830880,100.0,100.0,12,201.67,ServiceTest1
1614830940,100.0,100.0,24,61.5,ServiceTest1
1614831000,100.0,100.0,39,71.31,ServiceTest1
1614831060,100.0,100.0,83,134.7,ServiceTest1
1614831120,100.0,100.0,71,47.99,ServiceTest1
1614831180,100.0,100.0,93,69.22,ServiceTest1
1614831240,100.0,100.0,34,97.21,ServiceTest1
1614831300,100.0,100.0,73,72.84,ServiceTest1
1614831360,100.0,100.0,65,83.89,ServiceTest1
1614831420,100.0,100.0,39,72.64,ServiceTest1
1614831480,100.0,100.0,59,54.0,ServiceTest1
1614831540,100.0,100.0,66,65.5,ServiceTest1
1614831600,100.0,100.0,42,116.5,ServiceTest1
1614831660,100.0,100.0,139,71.58,ServiceTest1
1614831720,100.0,100.0,130,105.0,ServiceTest1
1614831780,100.0,100.0,102,116.63,ServiceTest1
1614831840,100.0,100.0,110,89.26,ServiceTest1
1614831900,100.0,100.0,80,84.0,ServiceTest1
1614831960,100.0,100.0,50,39.8,ServiceTest1
1614832020,100.0,100.0,101,103.51,ServiceTest1
1614832080,100.0,100.0,95,202.75,ServiceTest1
1614832140,100.0,100.0,92,285.33,ServiceTest1
1614832200,100.0,100.0,77,177.71,ServiceTest1
1614832260,100.0,100.0,109,151.99,ServiceTest1
1614832320,100.0,100.0,130,123.94,ServiceTest1
1614832380,100.0,100.0,79,66.15,ServiceTest1
1614832440,100.0,100.0,115,68.43,ServiceTest1
1614832500,100.0,100.0,52,84.92,ServiceTest1
1614832560,100.0,100.0,109,91.74,ServiceTest1
1614832620,100.0,100.0,104,173.0,ServiceTest1
1614832680,100.0,100.0,125,67.75,ServiceTest1
1614832740,100.0,100.0,89,88.44,ServiceTest1
1614832800,100.0,100.0,46,166.0,ServiceTest1
1614832860,100.0,100.0,38,20.53,ServiceTest1
1614832920,100.0,100.0,33,129.64,ServiceTest1
1614832980,100.0,100.0,14,92.5,ServiceTest1
1614833040,100.0,100.0,44,74.55,ServiceTest1
1614833100,100.0,100.0,82,38.66,ServiceTest1
1614833160,100.0,100.0,22,19.0,ServiceTest1
1614833220,100.0,100.0,36,25.22,ServiceTest1
1614833280,100.0,100.0,119,80.46,ServiceTest1
1614833340,100.0,100.0,157,75.66,ServiceTest1
1614833400,100.0,100.0,64,85.84,ServiceTest1
1614833460,100.0,100.0,69,118.3,ServiceTest1
1614833520,100.0,100.0,64,36.44,ServiceTest1
1614833580,100.0,100.0,29,106.79,ServiceTest1
1614833640,100.0,100.0,75,78.08,ServiceTest1
1614833700,100.0,100.0,108,109.93,ServiceTest1
1614833760,100.0,100.0,101,79.79,ServiceTest1
1614833820,100.0,100.0,108,101.41,ServiceTest1
1614833880,100.0,100.0,47,51.26,ServiceTest1
1614833940,100.0,100.0,46,71.3,ServiceTest1
1614834000,100.0,100.0,68,38.72,ServiceTest1
1614834060,100.0,100.0,37,48.11,ServiceTest1
1614834120,100.0,100.0,103,86.04,ServiceTest1
1614834180,100.0,100.0,58,94.5,ServiceTest1
1614834240,100.0,100.0,24,61.17,ServiceTest1
1614834300,100.0,100.0,31,20.32,ServiceTest1
1614834360,100.0,100.0,78,119.44,ServiceTest1
1614834420,100.0,100.0,100,100.0,ServiceTest1
1614834480,100.0,100.0,53,100.81,ServiceTest1
1614834540,100.0,100.0,40,111.12,ServiceTest1
1614834600,100.0,100.0,22,185.5,ServiceTest1
1614834660,100.0,100.0,77,76.75,ServiceTest1
1614834720,100.0,100.0,80,93.0,ServiceTest1
1614834780,100.0,100.0,77,111.0,ServiceTest1
1614834840,100.0,100.0,121,79.4,ServiceTest1
1614834900,100.0,100.0,60,26.77,ServiceTest1
1614834960,100.0,100.0,45,64.98,ServiceTest1
1614835020,100.0,100.0,44,80.3,ServiceTest1
1614835080,100.0,100.0,54,22.22,ServiceTest1
1614835140,100.0,100.0,78,53.5,ServiceTest1
1614835200,100.0,100.0,112,40.96,ServiceTest1
1614835260,100.0,100.0,32,87.0,ServiceTest1
1614835320,100.0,100.0,50,73.28,ServiceTest1
1614835380,100.0,100.0,49,80.0,ServiceTest1
1614835440,100.0,100.0,43,101.79,ServiceTest1
1614835500,100.0,100.0,92,154.38,ServiceTest1
1614835560,100.0,100.0,47,67.32,ServiceTest1
1614835620,100.0,100.0,54,96.93,ServiceTest1
1614835680,100.0,100.0,79,63.03,ServiceTest1
1614835740,100.0,100.0,80,71.2,ServiceTest1
1614835800,100.0,100.0,118,92.29,ServiceTest1
1614835860,100.0,100.0,67,106.69,ServiceTest1
1614835920,100.0,100.0,45,136.53,ServiceTest1
1614835980,100.0,100.0,31,117.9,ServiceTest1
1614836040,100.0,100.0,92,76.93,ServiceTest1
1614836100,100.0,100.0,107,73.01,ServiceTest1
1614836160,100.0,100.0,97,107.16,ServiceTest1
1614836220,100.0,100.0,35,56.77,ServiceTest1
1614836280,100.0,100.0,75,81.87,ServiceTest1
1614836340,100.0,100.0,102,65.0,ServiceTest1
1614836400,100.0,100.0,42,98.43,ServiceTest1
1614836460,100.0,100.0,100,133.88,ServiceTest1
1614836520,100.0,100.0,100,61.81,ServiceTest1
1614836580,100.0,100.0,87,93.22,ServiceTest1
1614836640,100.0,100.0,51,135.88,ServiceTest1
1614836700,100.0,100.0,54,38.81,ServiceTest1
1614836760,100.0,100.0,78,65.54,ServiceTest1
1614836820,100.0,100.0,78,81.78,ServiceTest1
1614836880,100.0,100.0,66,85.0,ServiceTest1
1614836940,100.0,100.0,89,49.65,ServiceTest1
1614837000,100.0,100.0,69,67.35,ServiceTest1
1614837060,100.0,100.0,41,145.63,ServiceTest1
1614837120,100.0,100.0,83,109.52,ServiceTest1
1614837180,100.0,100.0,15,156.33,ServiceTest1
1614837240,100.0,100.0,33,110.64,ServiceTest1
1614837300,100.0,100.0,143,120.5,ServiceTest1
1614837360,100.0,100.0,40,127.05,ServiceTest1
1614837420,100.0,100.0,59,112.63,ServiceTest1
1614837480,100.0,100.0,123,125.9,ServiceTest1
1614837540,100.0,100.0,70,110.2,ServiceTest1
1614837600,100.0,100.0,16,85.38,ServiceTest1
1614837660,100.0,100.0,15,19.47,ServiceTest1
1614837720,100.0,100.0,75,166.07,ServiceTest1
1614837780,100.0,100.0,81,85.11,ServiceTest1
1614837840,100.0,100.0,70,48.74,ServiceTest1
1614837900,100.0,100.0,101,112.25,ServiceTest1
1614837960,100.0,100.0,30,86.87,ServiceTest1
1614838020,100.0,100.0,66,110.79,ServiceTest1
1614838080,100.0,100.0,32,76.75,ServiceTest1
1614838140,100.0,100.0,60,95.33,ServiceTest1
1614838200,100.0,100.0,44,112.45,ServiceTest1
1614838260,100.0,100.0,107,124.14,ServiceTest1
1614838320,100.0,100.0,67,100.31,ServiceTest1
1614838380,100.0,100.0,60,135.45,ServiceTest1
1614838440,100.0,100.0,46,63.85,ServiceTest1
1614838500,100.0,100.0,64,76.0,ServiceTest1
1614838560,100.0,100.0,81,129.23,ServiceTest1
1614838620,100.0,100.0,72,90.14,ServiceTest1
1614838680,100.0,100.0,124,98.17,ServiceTest1
1614838740,100.0,100.0,102,171.79,ServiceTest1
1614838800,100.0,100.0,72,82.6,ServiceTest1
1614838860,100.0,100.0,88,125.23,ServiceTest1
1614838920,100.0,100.0,109,133.47,ServiceTest1
1614838980,100.0,100.0,73,131.73,ServiceTest1
1614839040,100.0,100.0,164,118.84,ServiceTest1
1614839100,100.0,100.0,154,143.01,ServiceTest1
1614839160,100.0,100.0,136,124.9,ServiceTest1
1614839220,100.0,100.0,74,75.01,ServiceTest1
1614839280,100.0,100.0,19,294.95,ServiceTest1
1614839340,100.0,100.0,38,45.95,ServiceTest1
1614839400,100.0,100.0,122,107.56,ServiceTest1
1614839460,100.0,100.0,102,87.38,ServiceTest1
1614839520,100.0,100.0,126,48.78,ServiceTest1
1614839580,100.0,100.0,152,77.84,ServiceTest1
1614839640,100.0,100.0,53,95.96,ServiceTest1
1614839700,100.0,100.0,68,80.97,ServiceTest1
1614839760,100.0,100.0,60,111.53,ServiceTest1
1614839820,100.0,100.0,74,96.0,ServiceTest1
1614839880,100.0,100.0,234,145.17,ServiceTest1
1614839940,100.0,100.0,224,102.53,ServiceTest1
1614840000,100.0,100.0,154,160.48,ServiceTest1
1614840060,100.0,100.0,128,150.48,ServiceTest1
1614840120,100.0,100.0,127,97.9,ServiceTest1
1614840180,100.0,100.0,77,123.47,ServiceTest1
1614840240,100.0,100.0,145,114.66,ServiceTest1
1614840300,100.0,100.0,62,155.48,ServiceTest1
1614840360,100.0,100.0,85,104.35,ServiceTest1
1614840420,100.0,100.0,51,124.0,ServiceTest1
1614840480,100.0,100.0,143,136.38,ServiceTest1
1614840540,100.0,100.0,127,193.53,ServiceTest1
1614840600,100.0,100.0,70,133.34,ServiceTest1
1614840660,100.0,100.0,60,105.9,ServiceTest1
1614840720,100.0,100.0,83,121.1,ServiceTest1
1614840780,100.0,100.0,111,91.45,ServiceTest1
1614840840,100.0,100.0,79,109.9,ServiceTest1
1614840900,100.0,100.0,77,45.81,ServiceTest1
1614840960,100.0,100.0,115,92.59,ServiceTest1
1614841020,100.0,100.0,44,84.36,ServiceTest1
1614841080,100.0,100.0,56,148.0,ServiceTest1
1614841140,100.0,100.0,152,84.68,ServiceTest1
1614841200,100.0,100.0,54,151.67,ServiceTest1
1614841260,100.0,100.0,104,185.36,ServiceTest1
1614841320,100.0,100.0,111,129.5,ServiceTest1
1614841380,100.0,100.0,82,160.63,ServiceTest1
1614841440,100.0,100.0,64,67.22,ServiceTest1
1614841500,100.0,100.0,97,109.87,ServiceTest1
1614841560,100.0,100.0,94,107.27,ServiceTest1
1614841620,100.0,100.0,31,256.32,ServiceTest1
1614841680,100.0,100.0,22,105.27,ServiceTest1
1614841740,100.0,100.0,76,126.5,ServiceTest1
1614841800,100.0,100.0,86,190.22,ServiceTest1
1614841860,100.0,100.0,165,116.58,ServiceTest1
1614841920,100.0,100.0,157,150.01,ServiceTest1
1614841980,100.0,100.0,189,119.81,ServiceTest1
1614842040,100.0,100.0,162,120.5,ServiceTest1
1614842100,100.0,100.0,76,40.71,ServiceTest1
1614842160,100.0,100.0,70,62.06,ServiceTest1
1614842220,100.0,100.0,63,80.29,ServiceTest1
1614842280,100.0,100.0,78,81.85,ServiceTest1
1614842340,100.0,100.0,31,81.97,ServiceTest1
1614842400,100.0,100.0,76,125.13,ServiceTest1
1614842460,100.0,100.0,114,55.25,ServiceTest1
1614842520,100.0,100.0,171,127.08,ServiceTest1
1614842580,100.0,100.0,156,136.52,ServiceTest1
1614842640,100.0,100.0,116,117.49,ServiceTest1
1614842700,100.0,100.0,91,112.16,ServiceTest1
1614842760,100.0,100.0,35,170.4,ServiceTest1
1614842820,100.0,100.0,132,118.09,ServiceTest1
1614842880,100.0,100.0,92,169.04,ServiceTest1
1614842940,100.0,100.0,47,137.57,ServiceTest1
1614843000,100.0,100.0,44,116.73,ServiceTest1
1614843060,100.0,100.0,68,173.69,ServiceTest1
1614843120,100.0,100.0,75,91.6,ServiceTest1
1614843180,100.0,100.0,190,121.38,ServiceTest1
1614843240,100.0,100.0,245,166.29,ServiceTest1
1614843300,100.0,100.0,105,204.54,ServiceTest1
1614843360,100.0,100.0,107,141.66,ServiceTest1
1614843420,100.0,100.0,31,87.35,ServiceTest1
1614843480,100.0,100.0,59,139.42,ServiceTest1
1614843540,100.0,100.0,126,114.22,ServiceTest1
1614843600,100.0,100.0,117,100.82,ServiceTest1
1614843660,100.0,100.0,53,131.02,ServiceTest1
1614843720,100.0,100.0,29,237.38,ServiceTest1
1614843780,100.0,100.0,125,140.72,ServiceTest1
1614843840,100.0,100.0,125,150.1,ServiceTest1
1614843900,100.0,100.0,117,148.26,ServiceTest1
1614843960,100.0,100.0,122,119.64,ServiceTest1
1614844020,100.0,100.0,124,92.26,ServiceTest1
1614844080,100.0,100.0,119,76.64,ServiceTest1
1614844140,100.0,100.0,78,107.79,ServiceTest1
1614844200,100.0,100.0,46,152.22,ServiceTest1
1614844260,100.0,100.0,132,117.67,ServiceTest1
1614844320,100.0,100.0,59,89.44,ServiceTest1
1614844380,100.0,100.0,137,111.62,ServiceTest1
1614844440,100.0,100.0,155,127.5,ServiceTest1
1614844500,100.0,100.0,121,107.24,ServiceTest1
1614844560,100.0,100.0,207,148.9,ServiceTest1
1614844620,100.0,100.0,76,79.26,ServiceTest1
1614844680,100.0,100.0,48,83.75,ServiceTest1
1614844740,100.0,100.0,121,106.02,ServiceTest1
1614844800,100.0,100.0,149,101.91,ServiceTest1
1614844860,100.0,100.0,62,87.94,ServiceTest1
1614844920,100.0,100.0,91,101.14,ServiceTest1
1614844980,100.0,100.0,75,116.95,ServiceTest1
1614845040,100.0,100.0,90,118.27,ServiceTest1
1614845100,100.0,100.0,53,57.38,ServiceTest1
1614845160,100.0,100.0,95,122.32,ServiceTest1
1614845220,100.0,100.0,129,148.64,ServiceTest1
1614845280,100.0,100.0,73,119.89,ServiceTest1
1614845340,100.0,100.0,64,91.38,ServiceTest1
1614845400,100.0,100.0,124,86.37,ServiceTest1
1614845460,100.0,100.0,106,112.08,ServiceTest1
1614845520,100.0,100.0,101,146.18,ServiceTest1
1614845580,100.0,100.0,86,121.95,ServiceTest1
1614845640,100.0,100.0,149,58.02,ServiceTest1
1614845700,100.0,100.0,111,104.86,ServiceTest1
1614845760,100.0,100.0,95,36.47,ServiceTest1
1614845820,100.0,100.0,151,147.06,ServiceTest1
1614845880,100.0,100.0,143,93.66,ServiceTest1
1614845940,100.0,100.0,71,150.34,ServiceTest1
1614846000,100.0,100.0,80,64.22,ServiceTest1
1614846060,100.0,100.0,79,94.63,ServiceTest1
1614846120,100.0,100.0,34,133.88,ServiceTest1
1614846180,100.0,100.0,111,54.85,ServiceTest1
1614846240,100.0,100.0,118,83.5,ServiceTest1
1614846300,100.0,100.0,40,120.88,ServiceTest1
1614846360,100.0,100.0,64,32.5,ServiceTest1
1614846420,100.0,100.0,108,90.06,ServiceTest1
1614846480,100.0,100.0,158,101.8,ServiceTest1
1614846540,100.0,100.0,79,144.39,ServiceTest1
1614846600,100.0,100.0,38,60.21,ServiceTest1
1614846660,100.0,100.0,30,232.2,ServiceTest1
1614846720,100.0,100.0,31,119.19,ServiceTest1
1614846780,100.0,100.0,49,102.1,ServiceTest1
1614846840,100.0,100.0,74,119.62,ServiceTest1
1614846900,100.0,100.0,73,95.99,ServiceTest1
1614846960,100.0,100.0,62,40.29,ServiceTest1
1614847020,100.0,100.0,137,143.26,ServiceTest1
1614847080,100.0,100.0,73,391.85,ServiceTest1
1614847140,100.0,100.0,143,977.01,ServiceTest1
1614847200,99.36,100.0,156,1159.15,ServiceTest1
1614847260,97.1,100.0,69,3063.48,ServiceTest1
1614847320,100.0,100.0,37,1244.7,ServiceTest1
1614847380,100.0,100.0,87,58.22,ServiceTest1
1614847440,100.0,100.0,77,73.43,ServiceTest1
1614847500,100.0,100.0,123,86.84,ServiceTest1
1614847560,100.0,100.0,62,184.95,ServiceTest1
1614847620,100.0,100.0,96,165.73,ServiceTest1
1614847680,100.0,100.0,138,79.43,ServiceTest1
1614847740,100.0,100.0,91,79.7,ServiceTest1
1614847800,100.0,100.0,24,107.0,ServiceTest1
1614847860,100.0,100.0,16,18.0,ServiceTest1
1614847920,100.0,100.0,20,32.95,ServiceTest1
1614847980,100.0,100.0,68,113.59,ServiceTest1
1614848040,100.0,100.0,110,95.36,ServiceTest1
1614848100,100.0,100.0,36,47.03,ServiceTest1
1614848160,100.0,100.0,59,104.69,ServiceTest1
1614848220,100.0,100.0,38,165.24,ServiceTest1
1614848280,100.0,100.0,88,75.14,ServiceTest1
1614848340,100.0,100.0,106,85.64,ServiceTest1
1614848400,100.0,100.0,56,69.71,ServiceTest1
1614848460,100.0,100.0,76,83.84,ServiceTest1
1614848520,100.0,100.0,31,83.61,ServiceTest1
1614848580,100.0,100.0,69,134.61,ServiceTest1
1614848640,100.0,100.0,121,81.64,ServiceTest1
1614848700,100.0,100.0,141,70.59,ServiceTest1
1614848760,100.0,100.0,137,49.04,ServiceTest1
1614848820,100.0,100.0,91,68.44,ServiceTest1
1614848880,100.0,100.0,47,62.11,ServiceTest1
1614848940,100.0,100.0,125,68.0,ServiceTest1
1614849000,100.0,100.0,87,124.61,ServiceTest1
1614849060,100.0,100.0,144,122.58,ServiceTest1
1614849120,100.0,100.0,136,78.41,ServiceTest1
1614849180,100.0,100.0,107,79.35,ServiceTest1
1614849240,100.0,100.0,45,51.56,ServiceTest1
1614849300,100.0,100.0,27,55.89,ServiceTest1
1614849360,100.0,100.0,39,78.59,ServiceTest1
1614849420,100.0,100.0,71,52.13,ServiceTest1
1614849480,100.0,100.0,92,89.11,ServiceTest1
1614849540,100.0,100.0,46,38.52,ServiceTest1
1614849600,100.0,100.0,58,53.45,ServiceTest1
1614849660,100.0,100.0,99,91.82,ServiceTest1
1614849720,100.0,100.0,38,61.37,ServiceTest1
1614849780,100.0,100.0,60,109.6,ServiceTest1
1614849840,100.0,100.0,58,94.16,ServiceTest1
1614849900,100.0,100.0,77,55.68,ServiceTest1
1614849960,100.0,100.0,37,25.11,ServiceTest1
1614850020,100.0,100.0,37,59.86,ServiceTest1
1614850080,100.0,100.0,106,74.88,ServiceTest1
1614850140,100.0,100.0,135,58.41,ServiceTest1
1614850200,100.0,100.0,49,56.14,ServiceTest1
1614850260,100.0,100.0,102,87.06,ServiceTest1
1614850320,100.0,100.0,36,221.06,ServiceTest1
1614850380,100.0,100.0,22,62.36,ServiceTest1
1614850440,100.0,100.0,86,129.76,ServiceTest1
1614850500,100.0,100.0,82,85.22,ServiceTest1
1614850560,100.0,100.0,142,157.4,ServiceTest1
1614850620,100.0,100.0,100,141.44,ServiceTest1
1614850680,100.0,100.0,102,52.82,ServiceTest1
1614850740,100.0,100.0,61,67.92,ServiceTest1
1614850800,100.0,100.0,105,53.14,ServiceTest1
1614850860,100.0,100.0,89,68.65,ServiceTest1
1614850920,100.0,100.0,57,58.47,ServiceTest1
1614850980,100.0,100.0,64,70.5,ServiceTest1
1614851040,100.0,100.0,34,131.41,ServiceTest1
1614851100,100.0,100.0,74,61.35,ServiceTest1
1614851160,100.0,100.0,32,18.5,ServiceTest1
1614851220,100.0,100.0,63,75.32,ServiceTest1
1614851280,100.0,100.0,48,50.94,ServiceTest1
1614851340,100.0,100.0,65,82.74,ServiceTest1
1614851400,100.0,100.0,20,189.5,ServiceTest1
1614851460,100.0,100.0,33,84.67,ServiceTest1
1614851520,100.0,100.0,69,25.78,ServiceTest1
1614851580,100.0,100.0,76,54.78,ServiceTest1
1614851640,100.0,100.0,77,67.55,ServiceTest1
1614851700,100.0,100.0,73,51.12,ServiceTest1
1614851760,100.0,100.0,44,91.09,ServiceTest1
1614851820,100.0,100.0,124,51.49,ServiceTest1
1614851880,100.0,100.0,76,67.09,ServiceTest1
1614851940,100.0,100.0,65,83.6,ServiceTest1
1614852000,97.53,100.0,81,717.78,ServiceTest1
1614852060,100.0,100.0,85,58.56,ServiceTest1
1614852120,100.0,100.0,35,47.6,ServiceTest1
1614852180,100.0,100.0,68,32.04,ServiceTest1
1614852240,100.0,100.0,59,97.37,ServiceTest1
1614852300,100.0,100.0,54,74.89,ServiceTest1
1614852360,100.0,100.0,82,117.01,ServiceTest1
1614852420,100.0,100.0,67,34.76,ServiceTest1
1614852480,100.0,100.0,51,59.18,ServiceTest1
1614852540,100.0,100.0,45,106.47,ServiceTest1
1614852600,100.0,100.0,66,100.61,ServiceTest1
1614852660,100.0,100.0,92,85.7,ServiceTest1
1614852720,100.0,100.0,21,89.48,ServiceTest1
1614852780,100.0,100.0,45,82.47,ServiceTest1
1614852840,100.0,100.0,87,55.55,ServiceTest1
1614852900,100.0,100.0,49,58.12,ServiceTest1
1614852960,100.0,100.0,58,19.0,ServiceTest1
1614853020,100.0,100.0,54,35.63,ServiceTest1
1614853080,100.0,100.0,71,54.63,ServiceTest1
1614853140,100.0,100.0,54,55.0,ServiceTest1
1614853200,100.0,100.0,40,31.38,ServiceTest1
1614853260,100.0,100.0,25,116.4,ServiceTest1
1614853320,100.0,100.0,104,76.15,ServiceTest1
1614853380,100.0,100.0,37,157.08,ServiceTest1
1614853440,100.0,100.0,12,75.33,ServiceTest1
1614853500,100.0,100.0,44,52.73,ServiceTest1
1614853560,100.0,100.0,50,56.5,ServiceTest1
1614853620,100.0,100.0,70,39.71,ServiceTest1
1614853680,100.0,100.0,54,53.54,ServiceTest1
1614853740,100.0,100.0,34,21.74,ServiceTest1
1614853800,100.0,100.0,46,16.5,ServiceTest1
1614853860,100.0,100.0,65,85.85,ServiceTest1
1614853920,100.0,100.0,46,42.13,ServiceTest1
1614853980,100.0,100.0,27,57.89,ServiceTest1
1614854040,100.0,100.0,67,41.85,ServiceTest1
1614854100,100.0,100.0,31,15.0,ServiceTest1
1614854160,100.0,100.0,69,33.01,ServiceTest1
1614854220,100.0,100.0,24,21.25,ServiceTest1
1614854280,100.0,100.0,13,170.08,ServiceTest1
1614854340,100.0,100.0,62,45.26,ServiceTest1
1614854400,100.0,100.0,70,88.36,ServiceTest1
1614854460,100.0,100.0,88,78.3,ServiceTest1
1614854520,100.0,100.0,27,53.67,ServiceTest1
1614854580,100.0,100.0,14,19.86,ServiceTest1
1614854640,100.0,100.0,41,67.78,ServiceTest1
1614854700,100.0,100.0,39,39.08,ServiceTest1
1614854760,100.0,100.0,38,60.5,ServiceTest1
1614854820,100.0,100.0,43,45.74,ServiceTest1
1614854880,100.0,100.0,41,87.56,ServiceTest1
1614854940,100.0,100.0,20,16.9,ServiceTest1
1614855000,100.0,100.0,29,50.55,ServiceTest1
1614855060,100.0,100.0,33,20.0,ServiceTest1
1614855120,100.0,100.0,54,57.0,ServiceTest1
1614855180,100.0,100.0,54,57.22,ServiceTest1
1614855240,100.0,100.0,36,33.25,ServiceTest1
1614855300,100.0,100.0,72,30.12,ServiceTest1
1614855360,100.0,100.0,110,59.8,ServiceTest1
1614855420,100.0,100.0,29,17.52,ServiceTest1
1614855480,100.0,100.0,26,81.85,ServiceTest1
1614855540,100.0,100.0,24,99.88,ServiceTest1
1614855600,100.0,100.0,42,74.33,ServiceTest1
1614855660,100.0,100.0,48,150.25,ServiceTest1
1614855720,100.0,100.0,34,38.85,ServiceTest1
1614855780,100.0,100.0,34,60.24,ServiceTest1
1614855840,100.0,100.0,68,31.5,ServiceTest1
1614855900,100.0,100.0,58,32.69,ServiceTest1
1614855960,100.0,100.0,44,46.45,ServiceTest1
1614856020,100.0,100.0,26,40.62,ServiceTest1
1614856080,100.0,100.0,17,22.82,ServiceTest1
1614856140,100.0,100.0,10,17.2,ServiceTest1
1614856200,100.0,100.0,21,16.95,ServiceTest1
1614856260,100.0,100.0,32,17.06,ServiceTest1
1614856320,100.0,100.0,23,73.87,ServiceTest1
1614856380,100.0,100.0,12,83.67,ServiceTest1
1614856440,100.0,100.0,20,20.0,ServiceTest1
1614856500,100.0,100.0,29,17.59,ServiceTest1
1614856560,100.0,100.0,61,27.43,ServiceTest1
1614856620,100.0,100.0,36,49.75,ServiceTest1
1614856680,100.0,100.0,50,18.16,ServiceTest1
1614856740,100.0,100.0,62,43.29,ServiceTest1
1614856800,100.0,100.0,58,65.69,ServiceTest1
1614856860,100.0,100.0,29,15.59,ServiceTest1
1614856920,100.0,100.0,18,28.0,ServiceTest1
1614856980,100.0,100.0,24,16.92,ServiceTest1
1614857040,100.0,100.0,54,35.15,ServiceTest1
1614857100,100.0,100.0,54,63.3,ServiceTest1
1614857160,100.0,100.0,59,71.66,ServiceTest1
1614857220,100.0,100.0,28,235.25,ServiceTest1
1614857280,100.0,100.0,58,441.03,ServiceTest1
1614857340,100.0,100.0,73,565.34,ServiceTest1
1614857400,100.0,100.0,66,576.64,ServiceTest1
1614857460,100.0,100.0,44,555.82,ServiceTest1
1614857520,100.0,100.0,43,404.63,ServiceTest1
1614857580,100.0,100.0,42,17.6,ServiceTest1
1614857640,100.0,100.0,27,16.41,ServiceTest1
1614857700,100.0,100.0,65,84.48,ServiceTest1
1614857760,100.0,100.0,32,71.81,ServiceTest1
1614857820,100.0,100.0,20,17.0,ServiceTest1
1614857880,100.0,100.0,17,72.0,ServiceTest1
1614857940,100.0,100.0,18,17.39,ServiceTest1
1614858000,100.0,100.0,25,17.12,ServiceTest1
1614858060,100.0,100.0,67,51.07,ServiceTest1
1614858120,100.0,100.0,44,54.23,ServiceTest1
1614858180,100.0,100.0,18,128.67,ServiceTest1
1614858240,100.0,100.0,12,102.17,ServiceTest1
1614858300,100.0,100.0,18,19.39,ServiceTest1
1614858360,100.0,100.0,43,62.86,ServiceTest1
1614858420,100.0,100.0,27,54.85,ServiceTest1
1614858480,100.0,100.0,23,15.48,ServiceTest1
1614858540,100.0,100.0,29,28.14,ServiceTest1
1614858600,100.0,100.0,42,26.24,ServiceTest1
1614858660,100.0,100.0,45,55.67,ServiceTest1
1614858720,100.0,100.0,60,28.13,ServiceTest1
1614858780,100.0,100.0,37,72.19,ServiceTest1
1614858840,100.0,100.0,48,42.77,ServiceTest1
1614858900,100.0,100.0,54,21.0,ServiceTest1
1614858960,100.0,100.0,59,48.27,ServiceTest1
1614859020,100.0,100.0,51,133.71,ServiceTest1
1614859080,100.0,100.0,92,66.61,ServiceTest1
1614859140,100.0,100.0,28,86.04,ServiceTest1
1614859200,100.0,100.0,39,78.92,ServiceTest1
1614859260,100.0,100.0,39,18.69,ServiceTest1
1614859320,100.0,100.0,50,37.58,ServiceTest1
1614859380,100.0,100.0,32,33.31,ServiceTest1
1614859440,100.0,100.0,44,37.84,ServiceTest1
1614859500,100.0,100.0,25,267.16,ServiceTest1
1614859560,100.0,100.0,60,32.8,ServiceTest1
1614859620,100.0,100.0,51,48.61,ServiceTest1
1614859680,100.0,100.0,16,16.25,ServiceTest1
1614859740,100.0,100.0,34,17.0,ServiceTest1
1614859800,100.0,100.0,65,66.23,ServiceTest1
1614859860,100.0,100.0,58,57.5,ServiceTest1
1614859920,100.0,100.0,52,142.62,ServiceTest1
1614859980,100.0,100.0,65,55.0,ServiceTest1
1614860040,100.0,100.0,68,63.5,ServiceTest1
1614860100,100.0,100.0,70,45.94,ServiceTest1
1614860160,100.0,100.0,40,179.97,ServiceTest1
1614860220,100.0,100.0,88,35.45,ServiceTest1
1614860280,100.0,100.0,51,41.57,ServiceTest1
1614860340,100.0,100.0,51,88.16,ServiceTest1
1614860400,100.0,100.0,52,37.23,ServiceTest1
1614860460,100.0,100.0,24,74.0,ServiceTest1
1614860520,100.0,100.0,66,47.7,ServiceTest1
1614860580,100.0,100.0,33,46.52,ServiceTest1
1614860640,100.0,100.0,39,45.82,ServiceTest1
1614860700,100.0,100.0,65,67.63,ServiceTest1
1614860760,100.0,100.0,66,73.29,ServiceTest1
1614860820,100.0,100.0,61,29.77,ServiceTest1
1614860880,100.0,100.0,43,42.02,ServiceTest1
1614860940,100.0,100.0,36,48.67,ServiceTest1
1614861000,100.0,100.0,42,81.33,ServiceTest1
1614861060,100.0,100.0,49,63.14,ServiceTest1
1614861120,100.0,100.0,62,32.45,ServiceTest1
1614861180,100.0,100.0,39,43.72,ServiceTest1
1614861240,100.0,100.0,58,72.52,ServiceTest1
1614861300,100.0,100.0,33,17.0,ServiceTest1
1614861360,100.0,100.0,21,15.43,ServiceTest1
1614861420,100.0,100.0,31,43.1,ServiceTest1
1614861480,100.0,100.0,58,38.76,ServiceTest1
1614861540,100.0,100.0,49,18.39,ServiceTest1
1614861600,100.0,100.0,36,50.67,ServiceTest1
1614861660,100.0,100.0,40,40.0,ServiceTest1
1614861720,100.0,100.0,77,42.9,ServiceTest1
1614861780,100.0,100.0,49,66.67,ServiceTest1
1614861840,100.0,100.0,91,49.46,ServiceTest1
1614861900,100.0,100.0,52,17.04,ServiceTest1
1614861960,100.0,100.0,31,16.0,ServiceTest1
1614862020,100.0,100.0,48,50.0,ServiceTest1
1614862080,100.0,100.0,77,75.57,ServiceTest1
1614862140,100.0,100.0,62,46.58,ServiceTest1
1614862200,100.0,100.0,25,67.6,ServiceTest1
1614862260,100.0,100.0,47,77.43,ServiceTest1
1614862320,100.0,100.0,50,86.78,ServiceTest1
1614862380,100.0,100.0,54,130.96,ServiceTest1
1614862440,100.0,100.0,44,17.82,ServiceTest1
1614862500,100.0,100.0,45,48.47,ServiceTest1
1614862560,100.0,100.0,72,72.5,ServiceTest1
1614862620,100.0,100.0,21,91.43,ServiceTest1
1614862680,100.0,100.0,21,19.1,ServiceTest1
1614862740,100.0,100.0,42,67.07,ServiceTest1
1614862800,100.0,100.0,28,17.5,ServiceTest1
1614862860,100.0,100.0,49,60.69,ServiceTest1
1614862920,100.0,100.0,43,79.44,ServiceTest1
1614862980,100.0,100.0,53,47.25,ServiceTest1
1614863040,100.0,100.0,26,18.69,ServiceTest1
1614863100,100.0,100.0,21,64.43,ServiceTest1
1614863160,100.0,100.0,16,16.38,ServiceTest1
1614863220,100.0,100.0,27,34.96,ServiceTest1
1614863280,100.0,100.0,16,16.12,ServiceTest1
1614863340,100.0,100.0,26,55.5,ServiceTest1
1614863400,100.0,100.0,51,45.47,ServiceTest1
1614863460,100.0,100.0,38,18.0,ServiceTest1
1614863520,100.0,100.0,58,29.5,ServiceTest1
1614863580,100.0,100.0,46,45.5,ServiceTest1
1614863640,100.0,100.0,36,50.92,ServiceTest1
1614863700,100.0,100.0,27,20.52,ServiceTest1
1614863760,100.0,100.0,15,16.0,ServiceTest1
1614863820,100.0,100.0,45,19.33,ServiceTest1
1614863880,100.0,100.0,30,17.0,ServiceTest1
1614863940,100.0,100.0,26,18.0,ServiceTest1
1614864000,100.0,100.0,8,30.12,ServiceTest1
1614864060,100.0,100.0,4,16.0,ServiceTest1
1614864120,100.0,100.0,23,47.65,ServiceTest1
1614864180,100.0,100.0,22,30.09,ServiceTest1
1614864240,100.0,100.0,23,20.91,ServiceTest1
1614864300,100.0,100.0,57,62.68,ServiceTest1
1614864360,100.0,100.0,35,17.0,ServiceTest1
1614864420,100.0,100.0,58,24.1,ServiceTest1
1614864480,100.0,100.0,38,19.68,ServiceTest1
1614864540,100.0,100.0,37,49.57,ServiceTest1
1614864600,100.0,100.0,48,23.0,ServiceTest1
1614864660,100.0,100.0,19,107.95,ServiceTest1
1614864720,100.0,100.0,10,15.5,ServiceTest1
1614864780,100.0,100.0,40,26.45,ServiceTest1
1614864840,100.0,100.0,68,37.0,ServiceTest1
1614864900,100.0,100.0,70,49.5,ServiceTest1
1614864960,100.0,100.0,60,27.47,ServiceTest1
1614865020,100.0,100.0,36,59.33,ServiceTest1
1614865080,100.0,100.0,36,51.44,ServiceTest1
1614865140,100.0,100.0,60,34.37,ServiceTest1
1614865200,100.0,100.0,59,74.73,ServiceTest1
1614865260,100.0,100.0,33,77.61,ServiceTest1
1614865320,100.0,100.0,37,18.14,ServiceTest1
1614865380,100.0,100.0,19,16.0,ServiceTest1
1614865440,100.0,100.0,24,44.29,ServiceTest1
1614865500,100.0,100.0,28,58.71,ServiceTest1
1614865560,100.0,100.0,29,18.03,ServiceTest1
1614865620,100.0,100.0,48,49.02,ServiceTest1
1614865680,100.0,100.0,56,51.46,ServiceTest1
1614865740,100.0,100.0,50,69.68,ServiceTest1
1614865800,100.0,100.0,70,44.77,ServiceTest1
1614865860,100.0,100.0,35,73.29,ServiceTest1
1614865920,100.0,100.0,27,19.44,ServiceTest1
1614865980,100.0,100.0,46,21.26,ServiceTest1
1614866040,100.0,100.0,21,37.43,ServiceTest1
1614866100,100.0,100.0,14,45.0,ServiceTest1
1614866160,100.0,100.0,46,82.48,ServiceTest1
1614866220,100.0,100.0,42,29.33,ServiceTest1
1614866280,100.0,100.0,28,16.46,ServiceTest1
1614866340,100.0,100.0,41,50.68,ServiceTest1
1614866400,100.0,100.0,51,38.43,ServiceTest1
1614866460,100.0,100.0,33,18.0,ServiceTest1
1614866520,100.0,100.0,37,35.51,ServiceTest1
1614866580,100.0,100.0,21,30.86,ServiceTest1
1614866640,100.0,100.0,34,42.18,ServiceTest1
1614866700,100.0,100.0,36,37.11,ServiceTest1
1614866760,100.0,100.0,18,39.39,ServiceTest1
1614866820,100.0,100.0,14,16.57,ServiceTest1
1614866880,100.0,100.0,34,36.94,ServiceTest1
1614866940,100.0,100.0,26,28.92,ServiceTest1
1614867000,100.0,100.0,27,63.67,ServiceTest1
1614867060,100.0,100.0,11,15.73,ServiceTest1
1614867120,100.0,100.0,9,16.67,ServiceTest1
1614867180,100.0,100.0,9,16.89,ServiceTest1
1614867240,100.0,100.0,5,57.8,ServiceTest1
1614867300,100.0,100.0,20,16.45,ServiceTest1
1614867360,100.0,100.0,26,24.0,ServiceTest1
1614867420,100.0,100.0,13,17.46,ServiceTest1
1614867480,100.0,100.0,6,15.33,ServiceTest1
1614867540,100.0,100.0,22,16.55,ServiceTest1
1614867600,100.0,100.0,27,17.19,ServiceTest1
1614867660,100.0,100.0,22,16.55,ServiceTest1
1614867720,100.0,100.0,10,18.9,ServiceTest1
1614867780,100.0,100.0,20,16.0,ServiceTest1
1614867840,100.0,100.0,34,19.18,ServiceTest1
1614867900,100.0,100.0,25,15.48,ServiceTest1
1614867960,100.0,100.0,24,16.0,ServiceTest1
1614868020,100.0,100.0,25,19.28,ServiceTest1
1614868080,100.0,100.0,21,17.0,ServiceTest1
1614868140,100.0,100.0,31,45.87,ServiceTest1
1614868200,100.0,100.0,7,17.14,ServiceTest1
1614868260,100.0,100.0,14,31.71,ServiceTest1
1614868320,100.0,100.0,9,17.11,ServiceTest1
1614868380,100.0,100.0,19,14.53,ServiceTest1
1614868440,100.0,100.0,35,17.46,ServiceTest1
1614868500,100.0,100.0,22,17.0,ServiceTest1
1614868560,100.0,100.0,32,54.97,ServiceTest1
1614868620,100.0,100.0,58,37.28,ServiceTest1
1614868680,100.0,100.0,35,58.71,ServiceTest1
1614868740,100.0,100.0,17,31.59,ServiceTest1
1614868800,100.0,100.0,12,19.33,ServiceTest1
1614868860,100.0,100.0,30,16.43,ServiceTest1
1614868920,100.0,100.0,19,34.37,ServiceTest1
1614868980,100.0,100.0,34,52.0,ServiceTest1
1614869040,100.0,100.0,21,36.0,ServiceTest1
1614869100,100.0,100.0,18,17.61,ServiceTest1
1614869160,100.0,100.0,18,16.61,ServiceTest1
1614869220,100.0,100.0,10,66.5,ServiceTest1
1614869280,100.0,100.0,7,18.29,ServiceTest1
1614869340,100.0,100.0,25,17.8,ServiceTest1
1614869400,100.0,100.0,27,16.52,ServiceTest1
1614869460,100.0,100.0,24,17.12,ServiceTest1
1614869520,100.0,100.0,11,17.27,ServiceTest1
1614869580,100.0,100.0,15,17.53,ServiceTest1
1614869640,100.0,100.0,30,16.43,ServiceTest1
1614869700,100.0,100.0,30,15.8,ServiceTest1
1614869760,100.0,100.0,18,88.44,ServiceTest1
1614869820,100.0,100.0,26,17.69,ServiceTest1
1614869880,100.0,100.0,17,15.94,ServiceTest1
1614869940,100.0,100.0,21,48.57,ServiceTest1
1614870000,100.0,100.0,31,20.42,ServiceTest1
1614870060,100.0,100.0,18,37.56,ServiceTest1
1614870120,100.0,100.0,4,21.5,ServiceTest1
1614870180,100.0,100.0,3,16.0,ServiceTest1
1614870240,100.0,100,7,17,ServiceTest1
1614870300,100.0,100.0,23,16.39,ServiceTest1
1614870360,100.0,100.0,9,16.67,ServiceTest1
1614870420,100.0,100.0,3,15.0,ServiceTest1
1614870480,100.0,100.0,14,16.5,ServiceTest1
1614870540,100.0,100.0,16,55.19,ServiceTest1
1614870600,100.0,100.0,15,17.73,ServiceTest1
1614870660,100.0,100.0,18,17.0,ServiceTest1
1614870720,100.0,100.0,15,17.53,ServiceTest1
1614870780,100.0,100.0,10,17.6,ServiceTest1
1614870840,100.0,100.0,20,17.0,ServiceTest1
1614870900,100.0,100.0,27,18.67,ServiceTest1
1614870960,100.0,100.0,28,47.25,ServiceTest1
1614871020,100.0,100.0,8,19.75,ServiceTest1
1614871080,100.0,100.0,20,31.95,ServiceTest1
1614871140,100.0,100.0,19,16.58,ServiceTest1
1614871200,100.0,100.0,15,42.67,ServiceTest1
1614871260,100.0,100.0,15,18.2,ServiceTest1
1614871320,100.0,100.0,20,19.0,ServiceTest1
1614871380,100.0,100.0,24,26.5,ServiceTest1
1614871440,100.0,100.0,15,20.67,ServiceTest1
1614871500,100.0,100.0,22,18.0,ServiceTest1
1614871560,100.0,100.0,22,16.59,ServiceTest1
1614871620,100.0,100.0,18,34.61,ServiceTest1
1614871680,100.0,100.0,9,32.56,ServiceTest1
1614871740,100.0,100.0,8,18.12,ServiceTest1
1614871800,100.0,100.0,29,23.72,ServiceTest1
1614871860,100.0,100.0,16,24.31,ServiceTest1
1614871920,100.0,100.0,16,16.75,ServiceTest1
1614871980,100.0,100.0,20,26.75,ServiceTest1
1614872040,100.0,100.0,25,18.64,ServiceTest1
1614872100,100.0,100.0,9,20.11,ServiceTest1
1614872160,100.0,100.0,16,16.5,ServiceTest1
1614872220,100.0,100.0,18,17.0,ServiceTest1
1614872280,100.0,100.0,11,15.45,ServiceTest1
1614872340,100.0,100.0,9,17.22,ServiceTest1
1614872400,100.0,100.0,12,60.5,ServiceTest1
1614872460,100.0,100.0,11,17.09,ServiceTest1
1614872520,100.0,100.0,5,19.0,ServiceTest1
1614872580,100.0,100.0,12,15.5,ServiceTest1
1614872640,100.0,100.0,11,16.73,ServiceTest1
1614872700,100.0,100.0,7,18.57,ServiceTest1
1614872760,100.0,100.0,20,22.5,ServiceTest1
1614872820,100.0,100.0,6,17.67,ServiceTest1
1614872880,100.0,100.0,9,16.89,ServiceTest1
1614872940,100.0,100.0,14,16.5,ServiceTest1
1614873000,100.0,100.0,18,18.33,ServiceTest1
1614873060,100.0,100.0,9,15.56,ServiceTest1
1614873120,100.0,100.0,12,16.0,ServiceTest1
1614873180,100.0,100.0,12,25.58,ServiceTest1
1614873240,100.0,100.0,22,58.0,ServiceTest1
1614873300,100.0,100.0,12,77.67,ServiceTest1
1614873360,100.0,100.0,17,19.06,ServiceTest1
1614873420,100.0,100.0,11,35.82,ServiceTest1
1614873480,100.0,100.0,9,17.67,ServiceTest1
1614873540,100.0,100.0,20,16.6,ServiceTest1
1614873600,100.0,100.0,30,62.2,ServiceTest1
1614873660,100.0,100.0,22,16.0,ServiceTest1
1614873720,100.0,100.0,25,16.52,ServiceTest1
1614873780,100.0,100.0,27,17.48,ServiceTest1
